"code_dept","population","ambulance","analyse_medicale","autre","autre_specialiste","chirurgien","dentiste","generaliste","hopital","infirmiers","organe","radiologue","reeducateur_podologue","nom_region","nom_dept","generaliste_habitant","infirmiers_habitant","hopital_habitant","ambulance_habitant","analyse_medicale_habitant","autre_habitant","autre_specialiste_habitant","chirurgien_habitant","dentiste_habitant","organe_habitant","radiologue_habitant","reeducateur_podologue_habitant","indice_generaliste_habitant","indice_infirmiers_habitant","indice_hopital_habitant","indice"
"01","611797.0","82.0","39.0","718.0","203.0","39.0","368.0","597.0","138.0","1070.0","1.0","38.0","959.0","Auvergne-Rhône-Alpes","Ain","97.58138729022862","174.89461373625565","22.556501584675964","13.40313862277847","6.374663491321468","117.35918940432856","33.18094073687841","6.374663491321468","60.150670892469236","0.1634529100338838","6.211210581287584","156.75134072249455","22.915607673871076","26.774744066853142","29.185802886965536","78.87615462768976"
"02","518914.0","65.0","36.0","238.0","263.0","25.0","261.0","567.0","119.0","986.0","5.0","59.0","562.0","Nord-Pas-de-Calais-Picardie","Aisne","109.26666075688843","190.01221782414814","22.932509047742016","12.526160404228833","6.937565762342122","45.86501809548403","50.6827720971105","4.817754001626474","50.297351776980385","0.9635508003252947","11.369899443838477","108.30310995656313","25.65972875843251","29.089109110523008","29.67231803471031","84.42115590366583"
"03","332244.5","59.0","25.0","307.0","157.0","35.0","192.0","392.0","59.0","774.0","2.0","30.0","525.0","Auvergne-Rhône-Alpes","Allier","117.98539930683577","232.96096699870125","17.758006528324774","17.758006528324774","7.5245790374257515","92.40183057958822","47.25435635503372","10.534410652396051","57.78876700742977","0.60196632299406","9.029494844910902","158.01615978594077","27.70720110505343","35.664164468570014","22.977041730320234","86.34840730394367"
"04","156728.5","23.0","18.0","279.0","118.0","15.0","134.0","342.0","48.0","631.0","0.0","6.0","419.0","Provence-Alpes-Côte d'Azur","Alpes-de-Haute-Provence","218.21174834187784","402.60705615124243","30.626210293596888","14.675059099015176","11.484828860098833","178.0148473315319","75.28943363842569","9.570690716749027","85.49817040295798","0.0","3.828276286699611","267.3412940211895","51.24394060887351","61.63540807617253","39.62717948296211","152.50652816800817"
"05","135089.5","33.0","14.0","235.0","138.0","21.0","134.0","379.0","66.0","483.0","2.0","25.0","596.0","Provence-Alpes-Côte d'Azur","Hautes-Alpes","280.55474333682486","357.5407415084074","48.85649883965815","24.428249419829076","10.363499753866881","173.95874586847978","102.15449757383068","15.54524963080032","99.19349764415443","1.4804999648381258","18.506249560476572","441.18898952176147","65.88431060350435","54.736173075043126","63.215305774643575","183.835789453191"
"06","1113414.5","194.0","219.0","1807.0","1626.0","172.0","1431.0","2263.0","248.0","3587.0","2.0","175.0","3341.0","Provence-Alpes-Côte d'Azur","Alpes-Maritimes","203.2486553749749","322.16214177199953","22.273825246572592","17.423879426754368","19.669224713707248","162.29355734095432","146.03725746341547","15.44797557423583","128.52356422518298","0.17962762295623058","15.717417008670177","300.0679441483832","47.73007000773744","49.320037419691076","28.8200486562519","125.8701560836804"
"07","315122.0","57.0","26.0","421.0","130.0","34.0","200.0","396.0","136.0","798.0","1.0","20.0","592.0","Auvergne-Rhône-Alpes","Ardèche","125.66561522204098","253.2352549171432","43.15788805605448","18.08823249408166","8.25077271659865","133.59905052646278","41.253863582993255","10.78947201401362","63.46748243537424","0.31733741217687117","6.346748243537424","187.86374800870774","29.51079110977441","38.76797000355686","55.841887053861825","124.1206481671931"
"08","263913.0","54.0","25.0","131.0","105.0","10.0","157.0","308.0","94.0","486.0","4.0","12.0","443.0","Alsace-Champagne-Ardenne-Lorraine","Ardennes","116.70512631056447","184.15159541212444","35.61779828958786","20.461288379124937","9.472818694039324","49.63756995676606","39.78583851496516","3.7891274776157293","59.48930139856695","1.5156509910462919","4.546952973138875","167.85834725837682","27.406547112394495","28.19190214798595","46.08578312754979","101.68423238793022"
"09","140559.0","30.0","12.0","212.0","61.0","9.0","108.0","231.0","49.0","508.0","0.0","6.0","374.0","Languedoc-Roussillon-Midi-Pyrénées","Ariège","164.34379868951828","361.4140681137458","34.86080578262509","21.343350479158218","8.537340191663287","150.8263433860514","43.398145974288376","6.403005143747466","76.83606172496958","0.0","4.268670095831643","266.0804359735058","38.59381506025958","55.32914347207126","45.10631235225303","139.02927088458387"
"10","290863.5","50.0","19.0","259.0","123.0","34.0","173.0","316.0","69.0","420.0","1.0","28.0","463.0","Alsace-Champagne-Ardenne-Lorraine","Aube","108.6420262425502","144.39762981604773","23.722467755493557","17.19019402571997","6.532273729773588","89.04520505322944","42.287877303271124","11.689331937489579","59.47807132899109","0.34380388051439936","9.626508654403182","159.1811966781669","25.513042183588464","22.105938539737974","30.694443697536567","78.31342442086302"
"11","347574.0","43.0","42.0","459.0","244.0","33.0","286.0","514.0","100.0","1187.0","3.0","81.0","861.0","Languedoc-Roussillon-Midi-Pyrénées","Aude","147.88217760822155","341.5100093792976","28.770851674751277","12.371466220143049","12.083757703395536","132.05820918710836","70.20087808639312","9.49438105266792","82.28463578978865","0.8631255502425382","23.304389856548532","247.7170329196085","34.728036341076574","52.28201659308042","37.22653544997749","124.23658838413449"
"12","266553.0","77.0","25.0","254.0","125.0","12.0","188.0","338.0","74.0","855.0","1.0","20.0","567.0","Languedoc-Roussillon-Midi-Pyrénées","Aveyron","126.804050226409","320.76172468514704","27.7618334815215","28.887313217258857","9.378997797811317","95.29061762576298","46.894988989056586","4.501918942949432","70.53006343954111","0.3751599119124527","7.503198238249054","212.71567005436066","29.778136457557874","49.10564654574531","35.92096924830316","114.80475225160635"
"13","2784391.0","324.0","466.0","2881.0","3451.0","199.0","2096.0","4080.0","364.0","7884.0","17.0","221.0","6098.0","Provence-Alpes-Côte d'Azur","Bouches-du-Rhône","146.53114451239068","283.1498880724726","13.072876618262306","11.636296770101612","16.736155231072072","103.4696635637739","123.94092640006379","7.146984744599448","75.27678404362031","0.6105464354682945","7.9371036610878285","219.00659785209763","34.41076534054863","43.34762302703763","16.91496346248258","94.67335183006882"
"14","664764.0","65.0","46.0","747.0","512.0","94.0","353.0","1073.0","212.0","1064.0","3.0","126.0","1107.0","Normandie","Calvados","161.41066604088067","160.05680211323116","31.89101696241072","9.777906144135363","6.919748963541949","112.37070599490947","77.01981455072777","14.140356577672678","53.10155182891974","0.45128797588317054","18.954094987093164","166.52526310088993","37.90501037221297","24.503212655841462","41.26370977501761","103.67193280307204"
"15","137728.5","38.0","7.0","104.0","76.0","12.0","89.0","208.0","32.0","394.0","1.0","12.0","229.0","Auvergne-Rhône-Alpes","Cantal","151.02175657180612","286.0700581215943","23.234116395662483","27.590513219849196","5.082462961551168","75.51087828590306","55.18102643969839","8.712793648373431","64.61988622543628","0.7260661373644526","8.712793648373431","166.26914545645963","35.4653220242229","43.79467399119614","30.062567053274755","109.3225630686938"
"16","339198.0","64.0","25.0","311.0","195.0","27.0","199.0","432.0","92.0","517.0","2.0","22.0","438.0","Aquitaine-Limousin-Poitou-Charentes","Charente","127.3592415049617","152.41835152329907","27.122801431612213","18.868035778512844","7.37032647598158","91.68686136121086","57.48854651265633","7.959952594060106","58.667798748813375","0.5896261180785264","6.485887298863791","129.12811985919728","29.908515271351828","23.333836679968634","35.09412722330685","88.3364791746273"
"17","632983.0","67.0","60.0","868.0","459.0","102.0","461.0","1065.0","143.0","1300.0","3.0","111.0","1428.0","Aquitaine-Limousin-Poitou-Charentes","Charente-Maritime","168.25096408592333","205.37676367295805","22.591444004025384","10.584802435452453","9.478927554136526","137.12848528317505","72.51379578914441","16.11417684203209","72.82976004094897","0.47394637770682624","17.536015975152573","225.5984757884493","39.51135755301638","31.4412786486066","29.23101479891463","100.18365100053761"
"18","299157.5","54.0","22.0","212.0","142.0","21.0","179.0","347.0","57.0","457.0","1.0","33.0","370.0","Centre-Val de Loire","Cher","115.99241202376675","152.76234090738157","19.05350860332768","18.050692361047275","7.353985776722964","70.86568112114855","47.46663546793913","7.019713695962829","59.834702456064115","0.3342720807601347","11.030978665084445","123.68066988124984","27.2391762496372","23.386498265844644","24.653288734260617","75.27896324974246"
"19","228365.5","50.0","21.0","229.0","142.0","16.0","156.0","307.0","66.0","733.0","1.0","20.0","381.0","Aquitaine-Limousin-Poitou-Charentes","Corrèze","134.43361628617282","320.97667992757226","28.901038028949205","21.894725779506974","9.195784827392929","100.27784407014194","62.18102121379981","7.006312249442232","68.31154443206177","0.4378945155901395","8.75789031180279","166.83781043984314","31.569832060607958","49.13855420069712","37.39498325904619","118.10336952035128"
"21","489505.0","41.0","63.0","602.0","381.0","73.0","294.0","856.0","98.0","755.0","3.0","92.0","1001.0","Bourgogne-Franche-Comté","Côte-d'or","174.87053247668564","154.23744394847856","20.020224512517746","8.37580821442069","12.870144329475695","122.98137914832331","77.83372999254348","14.913024381773424","60.06067353755324","0.6128640156893188","18.79449648113911","204.4922932350027","41.06586949863879","23.612322867036585","25.904120112850052","90.58231247852544"
"22","591405.0","101.0","32.0","592.0","289.0","54.0","370.0","723.0","151.0","1398.0","1.0","55.0","1027.0","Bretagne","Côtes-d'armor","122.25124914398762","236.38623278463996","25.53241856257556","17.07797532993465","5.410843668890185","100.10060787446842","48.86668188466449","9.130798691252188","62.562879921542766","0.16908886465281828","9.299887555905006","173.65426399844438","28.708975562031323","36.18854090773103","33.03633467261964","97.933851142382"
"23","111176.0","39.0","7.0","75.0","38.0","2.0","51.0","129.0","65.0","350.0","1.0","13.0","149.0","Aquitaine-Limousin-Poitou-Charentes","Creuse","116.03223717349069","314.81614736993595","58.465855940130965","35.07951356407858","6.2963229473987194","67.46060300784342","34.18003885730733","1.7989494135424913","45.87321004533352","0.8994747067712456","11.693171188026193","134.0217313089156","27.248528622379276","48.19543377507343","75.64882970352242","151.09279210097512"
"24","396233.0","77.0","32.0","528.0","215.0","38.0","239.0","555.0","99.0","971.0","2.0","48.0","639.0","Aquitaine-Limousin-Poitou-Charentes","Dordogne","140.06910075637313","245.05783213412312","24.985299053839533","19.433010375208525","8.07605625982692","133.25492828714417","54.26100299571212","9.590316808544468","60.31804519058231","0.5047535162391825","12.11408438974038","161.2687484384188","32.89324582585","37.516082381265676","32.328418062517684","102.73774626963336"
"25","516551.5","47.0","43.0","559.0","332.0","63.0","331.0","808.0","100.0","845.0","1.0","59.0","798.0","Bourgogne-Franche-Comté","Doubs","156.42196373449696","163.58485068768556","19.359153927536752","9.098802345942273","8.324436188840803","108.21767045493044","64.27239103942202","12.196266974348154","64.07879950014664","0.1935915392753675","11.421900817246684","154.48604834174327","36.733484243825245","25.043324187114198","25.04876248058611","86.82557091152555"
"26","497933.0","62.0","47.0","813.0","293.0","36.0","355.0","675.0","116.0","1337.0","2.0","55.0","1106.0","Auvergne-Rhône-Alpes","Drôme","135.56040672138622","268.51002042443463","23.296306932860446","12.451474395149548","9.439020912452078","163.27497876220295","58.843258028690606","7.229888358473931","71.29473242384016","0.40166046435966285","11.045662769890729","222.11823679089355","31.834442846138433","41.10639500362959","30.14303523905616","103.08387308882419"
"27","592263.5","67.0","37.0","472.0","152.0","17.0","240.0","517.0","148.0","622.0","2.0","30.0","616.0","Normandie","Eure","87.2922271927951","105.0208226574827","24.988877416892986","11.312532344133988","6.247219354223247","79.69425770792898","25.66425248221442","2.8703440276160865","40.522503919285924","0.33768753266071605","5.0653129899107405","104.00776005950054","20.499344053994808","16.077714391964506","32.33304809782454","68.91010654378385"
"28","429705.0","52.0","28.0","369.0","160.0","25.0","188.0","397.0","85.0","426.0","3.0","31.0","457.0","Centre-Val de Loire","Eure-et-Loir","92.38896452217219","99.13778057039131","19.781012555125027","12.101325327841193","6.516098253452951","85.87286626871924","37.23484716258829","5.81794486915442","43.75094541604124","0.6981533842985304","7.214251637751481","106.3520322081428","21.696240678444358","15.177075185007935","25.59460433929534","62.467920202747635"
"29","889886.0","112.0","72.0","834.0","531.0","76.0","580.0","1274.0","251.0","2690.0","3.0","95.0","1777.0","Bretagne","Finistère","143.16440532832294","302.285910779583","28.20586007645923","12.585881787105315","8.090924005996273","93.7198697361235","59.67056454422252","8.540419784107177","65.1768878260811","0.33712183358317804","10.675524730133972","199.68849942576915","33.62013429476444","46.27717071003845","36.49549418639139","116.39279919119427"
"2A","123172.0","13.0","19.0","190.0","142.0","17.0","167.0","251.0","44.0","679.0","1.0","25.0","428.0","Corse","Corse-du-Sud","203.7800798882863","551.2616503750852","35.72240444256811","10.554346767122398","15.425583736563505","154.25583736563505","115.28594161010619","13.801838080083137","135.5827623161108","0.8118728282401845","20.29682070600461","347.48157048679894","47.854867533100574","84.39304840412164","46.22113277608392","178.46904871330614"
"2B","140186.0","28.0","24.0","182.0","137.0","24.0","127.0","268.0","50.0","866.0","0.0","20.0","434.0","Corse","Haute-Corse","191.17458234060462","617.750702637924","35.66689969041131","19.973463826630333","17.12011185139743","129.82751487309716","97.727305151727","17.12011185139743","90.59392521364472","0.0","14.266759876164524","309.58868931277016","44.89464484762597","94.57190594326661","46.149315311409396","185.61586610230196"
"30","725321.0","136.0","96.0","904.0","483.0","88.0","562.0","1037.0","151.0","2638.0","2.0","118.0","1657.0","Languedoc-Roussillon-Midi-Pyrénées","Gard","142.97118103570696","363.701037195945","20.81836869468828","18.75031882435501","13.235519170132948","124.63447218541859","66.59120582473139","12.132559239288536","77.48293514181996","0.27573998271110306","16.26865897995508","228.4505756761489","33.57475830446949","55.67925723805052","26.936836941244795","116.19085248376481"
"31","1260660.5","145.0","202.0","2379.0","1510.0","231.0","1330.0","2310.0","259.0","2915.0","11.0","330.0","3923.0","Languedoc-Roussillon-Midi-Pyrénées","Haute-Garonne","183.23727918817158","231.22799516602606","20.544785848370754","11.50190713518826","16.023346491779506","188.71060051457152","119.77848120092602","18.32372791881716","105.50025165379577","0.8725584723246267","26.1767541697388","311.1860806299555","43.030681543960696","35.398862545865214","26.58284875757615","105.01239284740207"
"32","179274.0","43.0","22.0","271.0","79.0","8.0","121.0","281.0","66.0","510.0","2.0","9.0","335.0","Languedoc-Roussillon-Midi-Pyrénées","Gers","156.74330912458026","284.4807389805549","36.815154456307106","23.98563093365463","12.271718152102368","151.1652554190792","44.06662427345851","4.462442964400862","67.49444983656302","1.1156107411002154","5.020248334950969","186.86479913428607","36.80894766048127","43.551363963901345","47.63503937795616","127.99535100233878"
"33","1502598.5","139.0","192.0","2521.0","1831.0","257.0","1334.0","2849.0","224.0","4204.0","9.0","241.0","4358.0","Aquitaine-Limousin-Poitou-Charentes","Gironde","189.6048744890934","279.7819909975952","14.907508559339039","9.25064147208985","12.777864479433461","167.77602267006122","121.85557219709723","17.103704016741666","88.77953758106374","0.5989623974734435","16.038881976788876","290.03090313214074","44.526021175768946","42.83202920572458","19.288789297193272","106.64683967868679"
"34","1084819.0","153.0","176.0","1835.0","1349.0","230.0","1146.0","2196.0","212.0","3855.0","8.0","246.0","3947.0","Languedoc-Roussillon-Midi-Pyrénées","Hérault","202.4300828064405","355.3588202271531","19.542430580585332","14.103735277497906","16.223904632938766","169.15264205365133","124.35254176042271","21.201693554408617","105.63974266674902","0.7374502105881258","22.67659397558487","363.83949764891656","47.53783982579366","54.40214115358153","25.28590369903164","127.22588467840683"
"35","1000230.0","153.0","103.0","1318.0","734.0","104.0","745.0","1440.0","202.0","1621.0","3.0","134.0","2266.0","Bretagne","Ille-et-Vilaine","143.96688761584835","162.06272557311817","20.195355068334283","15.296481809183888","10.297631544744709","131.76969297061675","73.38312188196714","10.397608550033492","74.48286894014376","0.29993101586635074","13.396918708697","226.5478939843836","33.808585901949215","24.81030094237477","26.13072111577413","84.74960796009812"
"36","216274.5","66.0","14.0","183.0","74.0","7.0","83.0","264.0","60.0","388.0","2.0","24.0","249.0","Centre-Val de Loire","Indre","122.06709528862626","179.40164004540526","27.742521656505968","30.516773822156566","6.473255053184726","84.6146910523432","34.215776709690694","3.236627526592363","38.37715495816659","0.9247507218835322","11.097008662602388","115.13146487449977","28.665729635545972","27.46472801405482","35.895981724587436","92.02643937418823"
"37","586289.0","57.0","55.0","764.0","559.0","104.0","364.0","979.0","98.0","816.0","5.0","82.0","1100.0","Centre-Val de Loire","Indre-et-Loire","166.9824949811441","139.1805065419955","16.715305932739657","9.722167736389391","9.3810390438845","130.31116053686833","95.34546955511702","17.73869201025433","62.08542203589015","0.8528217312622274","13.986276392700528","187.62078087769","39.2134755372064","21.30724532990235","21.627893949640306","82.14861481674906"
"38","1229928.0","131.0","112.0","1824.0","864.0","111.0","765.0","1798.0","287.0","2413.0","3.0","154.0","2970.0","Auvergne-Rhône-Alpes","Isère","146.1874191009555","196.1903461015604","23.33469926694896","10.65102997899064","9.106224104175205","148.30136398228188","70.248014517923","9.024918531816496","62.19876285441099","0.24391671707612153","12.521058143240905","241.47754990536032","34.330046292636744","30.034923277729753","30.19271098734858","94.55768055771507"
"39","249479.0","35.0","17.0","262.0","80.0","18.0","146.0","340.0","95.0","416.0","0.0","34.0","371.0","Bourgogne-Franche-Comté","Jura","136.2840158891129","166.74750179373814","38.07935738078155","14.029236929761623","6.814200794455646","105.018859302787","32.066827268026564","7.2150361353059775","58.521959764148484","0.0","13.628401588911291","148.70991145547322","32.00437221747974","25.527496753257402","49.270788486670035","106.80265745740718"
"40","400389.0","67.0","46.0","557.0","266.0","33.0","315.0","645.0","73.0","1028.0","3.0","78.0","1188.0","Aquitaine-Limousin-Poitou-Charentes","Landes","161.09333673003005","256.75031032321067","18.23226911828247","16.733726451026378","11.48882711563005","139.11471094360735","66.43539158168682","8.241984669908513","78.6734900309449","0.7492713336280468","19.481054674329215","296.7114481167065","37.830490074922615","39.306092401197944","23.590688949291934","100.7272714254125"
"41","326148.5","54.0","22.0","326.0","188.0","19.0","152.0","358.0","79.0","493.0","1.0","24.0","452.0","Centre-Val de Loire","Loir-et-Cher","109.76595017300401","151.15813808740498","24.222095149908707","16.55687516576038","6.745393586050526","99.95446859329415","57.642454280795405","5.825567187952727","46.60453750362181","0.306608799365933","7.358611184782392","138.58717731340172","25.77697981104761","23.140909685278235","31.34091037569535","80.25879987202119"
"42","740017.5","97.0","48.0","733.0","438.0","83.0","413.0","1134.0","179.0","1767.0","6.0","97.0","1383.0","Auvergne-Rhône-Alpes","Loire","153.23961933332657","238.7781370035168","24.18861716108065","13.107798126395659","6.4863330934741406","99.05171161492802","59.18778947795153","11.215950974132369","55.809490991767085","0.8107916366842676","13.107798126395659","186.88747225572368","35.98615570294823","36.55471927037306","31.29759328685869","103.83846826017998"
"43","220475.5","52.0","14.0","209.0","60.0","10.0","133.0","270.0","53.0","605.0","3.0","33.0","404.0","Auvergne-Rhône-Alpes","Haute-Loire","122.4625865458974","274.4069068898812","24.038952173824303","23.585387038469126","6.349911894972458","94.79511328923168","27.21390812131053","4.5356513535517555","60.32416300223834","1.3606954060655265","14.967649466720792","183.2403146834909","28.7586051596776","42.009153656573126","31.103942121550702","101.87170093780142"
"44","1339917.0","139.0","114.0","2139.0","1215.0","172.0","1099.0","2045.0","278.0","1655.0","5.0","215.0","3334.0","Pays de la Loire","Loire-Atlantique","152.62139371319267","123.51511324955203","20.74755376639001","10.373776883195005","8.50798967398727","159.63675361981376","90.6772583674959","12.836615999349213","82.020005716772","0.3731574418415469","16.04576999918652","248.82138221994347","35.84097416619893","18.909018837094","26.845209676661707","81.59520267995462"
"45","665267.5","77.0","64.0","575.0","338.0","52.0","305.0","657.0","108.0","671.0","2.0","49.0","900.0","Centre-Val de Loire","Loiret","98.75726681372531","100.86168345815781","16.234071257050736","11.574291544378765","9.620190374548583","86.43139789633493","50.806630415584706","7.8164046793207245","45.8462197537081","0.3006309492046432","7.36545825551376","135.28392714208945","23.19174633699589","15.440988736317541","21.005225565790774","59.63796063910421"
"46","164670.5","31.0","13.0","223.0","63.0","6.0","114.0","256.0","72.0","490.0","1.0","6.0","340.0","Languedoc-Roussillon-Midi-Pyrénées","Lot","155.4619679906237","297.5639231070532","43.72367849736292","18.825472686364588","7.89455306202386","135.42194867933236","38.25821868519255","3.6436398747802428","69.22915762082462","0.6072733124633738","3.6436398747802428","206.4729262375471","36.50804283080499","45.55427817082349","56.573961938496225","138.63628294012472"
"47","322059.5","31.0","26.0","370.0","171.0","21.0","190.0","391.0","72.0","829.0","4.0","23.0","549.0","Aquitaine-Limousin-Poitou-Charentes","Lot-et-Garonne","121.40613768573819","257.40585202423773","22.356117425506778","9.625550558204306","8.073042403655226","114.88560343663205","53.095778885578596","6.520534249106143","58.99530987286511","1.2420065236392654","7.141537510925776","170.4653953694892","28.510513097459697","39.40644975866704","28.926526307695138","96.84348916382187"
"48","68328.5","28.0","7.0","94.0","26.0","6.0","48.0","93.0","78.0","194.0","2.0","7.0","151.0","Languedoc-Roussillon-Midi-Pyrénées","Lozère","136.10718806940002","283.922521349071","114.15441580014196","40.9785082359484","10.2446270589871","137.5707062206839","38.051471933380654","8.781108907703228","70.24887126162582","2.9270363025677426","10.2446270589871","220.99124084386457","31.962846706776407","43.46590601927233","147.70412272101058","223.13287544705932"
"49","783311.0","76.0","64.0","885.0","517.0","100.0","416.0","1149.0","141.0","971.0","4.0","57.0","1417.0","Pays de la Loire","Maine-et-Loire","146.6850331477536","123.96098101520342","18.000513206121195","9.702404281313552","8.170445710579834","112.98194459161176","66.00188175577772","12.76632142278099","53.10789711876892","0.5106528569112396","7.276803210985165","180.89877456080663","34.44690390848019","18.97727705876215","23.290820534642776","76.71500150188511"
"50","487809.5","88.0","27.0","431.0","211.0","43.0","218.0","580.0","188.0","1188.0","2.0","49.0","754.0","Normandie","Manche","118.89887343317422","243.53769248036375","38.53963483695992","18.039829072619536","5.534947556371903","88.35416284430706","43.254590162758205","8.814916478666365","44.68957656626203","0.4099961152868077","10.044904824526787","154.5685354631265","27.921717574645577","37.28336309217047","49.86634037484323","115.07142104165928"
"51","531696.0","49.0","36.0","484.0","413.0","49.0","384.0","831.0","144.0","773.0","3.0","77.0","847.0","Alsace-Champagne-Ardenne-Lorraine","Marne","156.2923174144624","145.38382835304384","27.083145255935722","9.215792482922572","6.770786313983931","91.02946044356173","77.67596521320453","9.215792482922572","72.22172068249526","0.5642321928319942","14.481959616021186","159.30155577623304","36.70303864053169","22.256916393561394","35.042816193438135","94.00277122753121"
"52","163879.0","24.0","6.0","100.0","58.0","13.0","80.0","205.0","67.0","280.0","2.0","23.0","190.0","Alsace-Champagne-Ardenne-Lorraine","Haute-Marne","125.09229370450149","170.85776701102643","40.88382282049561","14.644951458087979","3.6612378645219947","61.02063107536658","35.39196602371262","7.932682039797656","48.816504860293264","1.2204126215073317","14.034745147334315","115.93919904319651","29.37615466596317","26.156740255322834","52.89947954142152","108.43237446270753"
"53","301157.0","55.0","12.0","214.0","91.0","13.0","136.0","277.0","75.0","406.0","2.0","20.0","355.0","Pays de la Loire","Mayenne","91.97860252293654","134.81340297585643","24.90395375169762","18.262899417911587","3.984632600271619","71.05928137151054","30.216797218726445","4.31668531696092","45.15916946974502","0.6641054333786032","6.641054333786032","117.87871442470207","21.599872971037406","20.63868225755328","32.223165572667604","74.4617208012583"
"54","681333.5","95.0","73.0","472.0","690.0","122.0","542.0","1245.0","197.0","1219.0","8.0","173.0","1238.0","Alsace-Champagne-Ardenne-Lorraine","Meurthe-et-Moselle","182.72989659249106","178.91385055923422","28.913887251984526","13.943245121515382","10.714283093374977","69.27591260373958","101.2719908825854","17.90606215605133","79.54988269327723","1.1741680102328742","25.391383221285906","181.70249958353727","42.91152992267268","27.390051965594992","37.41160883767822","107.71319072594589"
"55","172920.5","34.0","10.0","84.0","52.0","12.0","83.0","226.0","47.0","325.0","0.0","17.0","232.0","Alsace-Champagne-Ardenne-Lorraine","Meuse","130.6958978258795","187.94764067880905","27.180120344320077","19.662214717167714","5.78300432857874","48.57723636006141","30.071622508609448","6.939605194294488","47.99893592720354","0.0","9.831107358583857","134.16570042302678","30.69208178250709","28.7730414884744","35.168292025934015","94.6334152969155"
"56","738554.0","120.0","55.0","936.0","400.0","47.0","513.0","1002.0","139.0","1937.0","2.0","71.0","1530.0","Bretagne","Morbihan","135.67051292119467","262.2692450382775","18.82056017569467","16.24796561930475","7.446984242181344","126.73413183057704","54.1598853976825","6.363786534227693","69.4600530225278","0.2707994269884125","9.613379658088643","207.16156164613557","31.860299728760594","40.15099014482099","24.3518773267246","96.36316720030618"
"57","996893.5","123.0","118.0","664.0","564.0","104.0","715.0","1338.0","241.0","2278.0","33.0","87.0","1492.0","Alsace-Champagne-Ardenne-Lorraine","Moselle","134.2169449394544","228.5098658984134","24.175099947988425","12.338329019097827","11.836770928890598","66.60691437951998","56.575752575375404","10.432408276310358","71.72280689963371","3.3102833953677098","8.72711076960578","149.66493411783705","31.518949861518074","34.98274215241101","31.280103397506398","97.78179541143548"
"58","199034.5","49.0","15.0","158.0","112.0","13.0","130.0","234.0","72.0","348.0","1.0","38.0","288.0","Bourgogne-Franche-Comté","Nièvre","117.56755738326773","174.84405969819304","36.17463304100546","24.618847486239822","7.536381883542803","79.38322250665085","56.2716513971196","6.531530965737096","65.31530965737096","0.5024254589028535","19.092167438308433","144.69853216402183","27.60907684328512","26.767004712268367","46.8062702666781","101.18235182223158"
"59","2517383.5","256.0","213.0","1882.0","1660.0","274.0","1631.0","4036.0","533.0","4845.0","17.0","377.0","5847.0","Nord-Pas-de-Calais-Picardie","Nord","160.32519479054343","192.46173656099677","21.17277721094144","10.169288866793638","8.461166127449394","74.7601626847876","65.94148249561499","10.884316990240064","64.78949274117352","0.675304338810515","14.975866807739067","232.26496876618123","37.65010281243404","29.46410772177234","27.395405263907637","94.50961579811401"
"60","810629.5","68.0","71.0","569.0","319.0","51.0","356.0","808.0","168.0","862.0","2.0","59.0","917.0","Nord-Pas-de-Calais-Picardie","Oise","99.6756224637766","106.33711208388048","20.72463437365652","8.38854248457526","8.758625241247698","70.19236284887239","39.35213312616923","6.291406863431444","43.9164871251293","0.24672183778162526","7.2782942145579455","113.12196262287519","23.407409163340702","16.279226100969183","26.81555432979431","66.5021895941042"
"61","272144.5","63.0","14.0","164.0","100.0","32.0","112.0","283.0","137.0","497.0","1.0","18.0","326.0","Normandie","Orne","103.98887355798115","182.62356946401636","50.34090345386367","23.149466551776722","5.144325900394827","60.262103404625115","36.74518500282019","11.758459200902461","41.15460720315862","0.3674518500282019","6.614133300507635","119.78930310919382","24.42031513463738","27.95797554033295","65.13597331752783","117.51426399249816"
"62","1448438.5","155.0","112.0","719.0","677.0","136.0","750.0","1851.0","273.0","3136.0","4.0","210.0","2692.0","Nord-Pas-de-Calais-Picardie","Pas-de-Calais","127.79279203086634","216.5090198858978","18.847883427566998","10.70117923543181","7.732464995924922","49.639663679196595","46.73998930572475","9.389421780765977","51.77989952628296","0.2761594641401758","14.498371867359229","185.8553193663383","30.01032847604508","33.14552387732235","24.387230816288714","87.54308316965614"
"63","620547.0","89.0","46.0","694.0","460.0","67.0","525.0","894.0","101.0","1330.0","3.0","44.0","1211.0","Auvergne-Rhône-Alpes","Puy-de-Dôme","144.06644460451827","214.32703727517818","16.275962981047368","14.342185201120946","7.412814823051276","111.83681493907794","74.12814823051276","10.796925937922511","84.60277787178086","0.48344444498160494","7.090518526396872","195.15040762424118","33.83196545164516","32.81148256688815","21.059429166228153","87.70287718476146"
"64","648566.5","77.0","83.0","1037.0","922.0","106.0","712.0","1299.0","148.0","2003.0","4.0","99.0","2431.0","Aquitaine-Limousin-Poitou-Charentes","Pyrénées-Atlantiques","200.28786562364846","308.834945992431","22.819556668437237","11.87233691533559","12.797454077569531","159.89108287276633","142.15967059661577","16.343736532799642","109.7805699184278","0.616744774822628","15.264433176860045","374.8266368984522","47.034770440572856","47.27976729070413","29.526169224105626","123.84070695538261"
"65","210750.5","42.0","33.0","281.0","133.0","15.0","178.0","364.0","80.0","782.0","1.0","22.0","518.0","Languedoc-Roussillon-Midi-Pyrénées","Hautes-Pyrénées","172.7160789654117","371.0548729421757","37.95957779459598","19.92877834216289","15.658325840270841","133.33301700351836","63.10779808351582","7.117420836486747","84.46006059297605","0.4744947224324497","10.438883893513895","245.78826622000898","40.55992658486253","56.805061319769855","49.11580596958195","146.48079387421433"
"66","453161.0","96.0","59.0","496.0","363.0","62.0","376.0","777.0","109.0","1817.0","2.0","67.0","1441.0","Languedoc-Roussillon-Midi-Pyrénées","Pyrénées-Orientales","171.46223968964674","400.9612477684532","24.053261423644134","21.184523822659056","13.019655266009211","109.45337308373846","80.10398070442955","13.681671635467307","82.97271830541463","0.441344246305397","14.785032251230799","317.9885294630385","40.26548017733132","61.38345006962857","31.122456825310685","132.77138707227058"
"67","1072314.0","117.0","155.0","975.0","1089.0","138.0","1099.0","1998.0","229.0","2199.0","25.0","136.0","2544.0","Alsace-Champagne-Ardenne-Lorraine","Bas-Rhin","186.3260201769258","205.07052971424415","21.355684995253256","10.910983163513672","14.454721284996745","90.92485969594726","101.55607406039648","12.869364756964844","102.48863672394467","2.331406658870443","12.682852224255209","237.24394160665625","43.7560286482602","31.394397068356742","27.632069203986134","102.78249492060307"
"68","740783.5","43.0","58.0","750.0","492.0","59.0","529.0","951.0","138.0","1110.0","49.0","52.0","1126.0","Alsace-Champagne-Ardenne-Lorraine","Haut-Rhin","128.37758940365168","149.8413504080477","18.628924645324847","5.804664925717163","7.829548039339429","101.24415568111331","66.41616612681032","7.964540246914247","71.41087780707859","6.61461817116607","7.019594793890523","152.00122572924477","30.147659862035745","22.93932169836433","24.10392057711444","77.19090213751453"
"69","2213327.0","373.0","173.0","2921.0","1916.0","353.0","1376.0","2933.0","424.0","3247.0","8.0","295.0","4568.0","Auvergne-Rhône-Alpes","Rhône","132.5154394267092","146.7022270093845","19.156681321829083","16.8524578609487","7.816287426123659","131.9732692006197","86.56651276562388","15.948840817466195","62.16885259159627","0.36144681739300155","13.328351391366933","206.3861327314039","31.11937537433611","22.458751006117485","24.786783665386817","78.36491004584042"
"70","227981.0","38.0","24.0","168.0","47.0","16.0","94.0","264.0","65.0","395.0","0.0","23.0","255.0","Bourgogne-Franche-Comté","Haute-Saône","115.79912361117812","173.26005237278545","28.511147858812794","16.668055671305943","10.527193055561648","73.69035138893153","20.61575306714156","7.018128703707765","41.23150613428312","0.0","10.088560011579913","111.85142621534251","27.193785201674206","26.52450787470557","36.89050531017413","90.6087983865539"
"71","537115.5","76.0","41.0","483.0","255.0","63.0","292.0","679.0","114.0","1025.0","3.0","54.0","820.0","Bourgogne-Franche-Comté","Saône-et-Loire","126.4160129432124","190.83418743268442","21.22448523641563","14.149656824277088","7.633367497307376","89.92479271218201","47.475822239350755","11.72932078854548","54.36447095643302","0.5585390851688324","10.053703533038984","152.6673499461475","29.687011393736828","29.21494503782309","27.462310153103275","86.36426658466318"
"72","554255.5","101.0","37.0","432.0","246.0","54.0","239.0","532.0","116.0","632.0","1.0","45.0","748.0","Pays de la Loire","Sarthe","95.98461359427196","114.02683419469902","20.928975896495388","18.22264280643133","6.675621622158012","77.94239299384489","44.383862677050566","9.742799124230611","43.120907235020674","0.18042220600427059","8.118999270192177","134.9558100911944","22.540627971526096","17.456451271395952","27.079951332352948","67.077030575275"
"73","421816.5","43.0","35.0","706.0","346.0","63.0","385.0","847.0","131.0","820.0","2.0","55.0","1195.0","Auvergne-Rhône-Alpes","Savoie","200.79821438943236","194.3973267996866","31.05615830580359","10.19400616144698","8.297446875596378","167.37135697631552","82.02618911303848","14.935404376073482","91.27191563156016","0.4741398214626502","13.038845090222882","283.29854332393353","47.15461862492758","29.760428644138607","40.1834881768791","117.09853544594529"
"74","780875.0","38.0","79.0","1335.0","533.0","104.0","674.0","1120.0","137.0","1001.0","4.0","187.0","2002.0","Auvergne-Rhône-Alpes","Haute-Savoie","143.42884584600608","128.18953097486795","17.544421322234673","4.866335841203778","10.116856090923644","170.96206178965903","68.25676324635825","13.318392828557707","86.31343044661438","0.5122458780214503","23.947494797502802","256.3790619497359","33.68223440754803","19.624628858370205","22.700684348342502","76.00754761426074"
"75","4192798.0","172.0","322.0","6309.0","5033.0","529.0","3218.0","5896.0","568.0","3190.0","28.0","530.0","6172.0","Ile-de-France","Paris","140.62208577661028","76.08284491644959","13.54703947101673","4.102272515871263","7.679835756456667","150.4723098990221","120.03917193244224","12.616873028464525","76.75065672135887","0.6678118049092754","12.640723450068426","147.2048021392874","33.02310653110512","11.647578258687824","17.528481631728","62.19916642152094"
"76","1213921.0","140.0","118.0","933.0","754.0","139.0","591.0","1654.0","311.0","1866.0","10.0","172.0","1607.0","Normandie","Seine-Maritime","136.25268860164707","153.716757515522","25.619459585920335","11.532875697841952","9.720566659609645","76.858378757761","62.11277340123451","11.450498014285937","48.68521098160424","0.8237768355601394","14.168961571634398","132.3809374745144","31.997015447413343","23.532610600982938","33.14895684236897","88.67858289076526"
"77","1380613.0","170.0","104.0","1290.0","707.0","90.0","752.0","1344.0","182.0","1519.0","3.0","132.0","2045.0","Ile-de-France","Seine-et-Marne","97.3480620564923","110.02359097009807","13.182550070149999","12.313370944645603","7.532885754371428","93.43675599172252","51.2091368109673","6.518843441282966","54.468558531608785","0.21729478137609887","9.560970380548351","148.1226093047074","22.860814545128054","16.84359184430295","17.056869676826643","56.76127606625765"
"78","1444187.5","93.0","170.0","1876.0","1100.0","141.0","1047.0","1843.0","246.0","1194.0","6.0","156.0","2585.0","Ile-de-France","Yvelines","127.61500843900117","82.67624529363397","17.033799281602978","6.439607045484053","11.771324706798806","129.90003029385034","76.16739516163933","9.76327519799195","72.49751157657853","0.41545851906348724","10.801921495650669","178.99337862985243","29.96857851577943","12.656966734742468","22.03999172401545","64.66553697453735"
"79","367901.0","64.0","30.0","364.0","106.0","22.0","172.0","424.0","74.0","527.0","3.0","43.0","435.0","Aquitaine-Limousin-Poitou-Charentes","Deux-Sèvres","115.2483956281717","143.24505777369455","20.114106784162043","17.395984245761767","8.154367615200828","98.93966039777006","28.812098907042927","5.979869584480608","46.75170766048475","0.8154367615200828","11.687926915121187","118.23833042041201","27.064454529667447","21.929490444548755","26.025594157240537","75.01953913145675"
"80","540771.5","114.0","46.0","385.0","341.0","59.0","210.0","1001.0","154.0","936.0","4.0","68.0","864.0","Nord-Pas-de-Calais-Picardie","Somme","185.1059088727864","173.0860446602678","28.477832134274827","21.080992618878767","8.506365442705468","71.19458033568706","63.05805686875141","10.910338285209187","38.83340745582931","0.7396839515396059","12.574627176173301","159.7717335325549","43.469502777491876","26.49786890699359","36.847398174710264","106.81476985919575"
"81","377388.0","53.0","35.0","565.0","239.0","38.0","241.0","529.0","83.0","1249.0","2.0","59.0","805.0","Languedoc-Roussillon-Midi-Pyrénées","Tarn","140.1740383901979","330.95911899689446","21.993280125494188","14.04390176688183","9.274274751714415","149.71329242053272","63.33004759027844","10.069212587575652","63.860006147519265","0.5299585572408237","15.633777438604302","213.30831928943158","32.917888943904885","50.6667730836818","28.457052002096237","112.04171402968291"
"82","251241.0","34.0","24.0","310.0","167.0","23.0","150.0","330.0","63.0","657.0","1.0","21.0","575.0","Languedoc-Roussillon-Midi-Pyrénées","Tarn-et-Garonne","131.34798858466573","261.50190454583446","25.075525093436184","13.532823066298892","9.55258098797569","123.38750442801931","66.47004270799751","9.154556780143368","59.703631174848056","0.39802420783232034","8.358508364478727","228.8639195035842","30.84521606775411","40.03351742877566","32.44516131709793","103.3238948136277"
"83","1051541.5","136.0","180.0","1586.0","1108.0","136.0","1011.0","1907.0","145.0","4243.0","1.0","174.0","3004.0","Provence-Alpes-Côte d'Azur","Var","181.35280443044806","403.50285747162616","13.789279833463539","12.933393498972698","17.117726689816806","150.82619183360808","105.36911762398346","12.933393498972698","96.1445649078044","0.09509848161009338","16.547135800156248","285.6758387567205","42.58813931927529","61.77254695412674","17.841915851263302","122.20260212466533"
"84","559570.5","148.0","80.0","957.0","641.0","106.0","469.0","873.0","144.0","1634.0","1.0","130.0","1323.0","Provence-Alpes-Côte d'Azur","Vaucluse","156.01251316858196","292.0096752777353","25.734022790693935","26.4488567571021","14.296679328163297","171.02402646315343","114.55214311690841","18.943100109816367","83.81428256135733","0.17870849160204122","23.23210390826536","236.4313343895005","36.63733057363354","44.703974316765844","33.29718989615479","114.63849478655416"
"85","668254.5","120.0","48.0","725.0","278.0","46.0","410.0","686.0","134.0","904.0","1.0","45.0","1259.0","Pays de la Loire","Vendée","102.65550026225038","135.27780209486056","20.052240576008092","17.95723036657441","7.182892146629764","108.49160013138707","41.60091701589739","6.883604973853524","61.35387041912924","0.1496435863881201","6.7339613874654045","188.4012752626432","24.107191288212597","20.709777457631645","25.94554562002536","70.76251436586959"
"86","409861.0","67.0","24.0","441.0","251.0","45.0","227.0","638.0","93.0","578.0","2.0","28.0","572.0","Aquitaine-Limousin-Poitou-Charentes","Vienne","155.66252949170573","141.02342013511898","22.690619502709456","16.347005448188533","5.855643742634698","107.59745377091258","61.240274141721216","10.97933201744006","55.38463039908652","0.48797031188622486","6.831584366407148","139.5595091994603","36.55514186066002","21.589378316957156","29.35933773697947","87.50385791459665"
"87","353073.5","72.0","27.0","296.0","239.0","42.0","227.0","619.0","84.0","971.0","4.0","28.0","563.0","Aquitaine-Limousin-Poitou-Charentes","Haute-Vienne","175.31760384169303","275.0135594996509","23.791080327467228","20.39235456640048","7.64713296240018","83.83523543964642","67.69128807457938","11.895540163733614","64.29256231351262","1.1329085870222488","7.9303601091557425","159.45688362338154","41.170857881026315","42.102026547379054","30.783221338593805","114.05610576699918"
"88","357034.5","73.0","23.0","231.0","133.0","24.0","210.0","457.0","113.0","603.0","4.0","24.0","500.0","Alsace-Champagne-Ardenne-Lorraine","Vosges","127.99883484649243","168.89124160270225","31.64960248939528","20.44620337810492","6.44195448899196","64.69962986770186","37.25130204504047","6.722039466774219","58.817845334274416","1.1203399111290366","6.722039466774219","140.04248889112958","30.058714715040267","25.855683445258656","40.95134417182159","96.86574233212052"
"89","329374.0","48.0","23.0","287.0","142.0","24.0","155.0","315.0","70.0","510.0","3.0","26.0","444.0","Bourgogne-Franche-Comté","Yonne","95.63596398015629","154.8391797773959","21.25243644003473","14.573099273166674","6.982943401725698","87.1349894041424","43.11208534978474","7.286549636583337","47.058966402934054","0.9108187045729171","7.893762106298615","134.80116827679174","22.45875254431006","23.70444304427323","27.49847614791493","73.66167173649822"
"90","135504.5","10.0","10.0","101.0","120.0","19.0","67.0","147.0","17.0","214.0","2.0","17.0","164.0","Bourgogne-Franche-Comté","Territoire de Belfort","108.48348209838049","157.92833448335665","12.545708814098425","7.379828714175544","7.379828714175544","74.536270013173","88.55794457010653","14.021674556933533","49.444852384976144","1.4759657428351087","12.545708814098425","121.02919091247892","25.475810335305994","24.17736399288371","16.23286231470823","65.88603664289793"
"91","1276155.0","79.0","144.0","1194.0","860.0","72.0","770.0","1466.0","195.0","1332.0","3.0","115.0","2006.0","Ile-de-France","Essonne","114.87632771881158","104.37603582636905","15.280275515121597","6.1904705933056725","11.28389576501287","93.56230238489839","67.38993304104909","5.641947882506435","60.33749818791605","0.23508116177110147","9.01144453455889","157.19093683760985","26.977079647267225","15.979003505380089","19.77111156039543","62.727194713042735"
"92","1586745.0","126.0","190.0","2127.0","1843.0","168.0","1473.0","2322.0","308.0","1322.0","6.0","284.0","3062.0","Ile-de-France","Hauts-de-Seine","146.33731317886617","83.31521447995739","19.4108063992639","7.940784436062505","11.974198752792667","134.04800393257895","116.14972790208887","10.587712581416675","92.83155138349262","0.37813259219345263","17.89827603049009","192.97366621605866","34.365246795288144","12.754786993839838","25.115595488922708","72.23562927805068"
"93","1605706.0","247.0","118.0","840.0","766.0","77.0","720.0","1751.0","222.0","1267.0","5.0","129.0","1509.0","Ile-de-France","Seine-Saint-Denis","109.04860541095319","78.90610111689189","13.825694118350432","15.382641654200707","7.348792369213293","52.313437204569205","47.704872498452396","4.795398410418843","44.84008903248789","0.3113895071700548","8.033849284987413","93.97735326392254","25.608521546715174","12.079792611017696","17.889032206474194","55.57734636420707"
"94","1350624.0","165.0","156.0","1341.0","1071.0","76.0","925.0","1751.0","168.0","1231.0","14.0","211.0","2229.0","Ile-de-France","Val-de-Marne","129.64377946786078","91.14305683891298","12.438695003198522","12.216575449569977","11.550216788684342","99.28744047195963","79.29668064539058","5.627028691923141","68.48686236880138","1.0365579169332102","15.622408605207667","165.03482834600896","30.445006677424534","13.953157093863453","16.09439740341057","60.49256117469856"
"95","1231925.5","92.0","113.0","1022.0","716.0","83.0","684.0","1401.0","160.0","1129.0","3.0","108.0","1821.0","Ile-de-France","Val-d'oise","113.72440947118962","91.64515224337835","12.98779836930074","7.467984062347926","9.172632598318648","82.95956208390848","58.120397702620814","6.73742040407476","55.52283802876067","0.2435212194243889","8.766763899278","147.81738019060407","26.70656795064246","14.03002324579639","16.80488092176415","57.541472118203"
